,precision,recall,f1-score,support
based,0.0,0.0,0.0,0.0
negative,0.07346938775510205,0.072,0.07272727272727272,250.0
positive,0.04830917874396135,0.04,0.0437636761487965,250.0
the,0.0,0.0,0.0,0.0
to,0.0,0.0,0.0,0.0
accuracy,0.056,0.056,0.056,0.056
macro avg,0.024355713299812683,0.022399999999999996,0.023298189775213845,500.0
weighted avg,0.0608892832495317,0.056,0.05824547443803461,500.0
