,precision,recall,f1-score,support
based,0.0,0.0,0.0,0.0
negative,0.18181818181818182,0.024,0.04240282685512368,250.0
positive,0.09352517985611511,0.052,0.06683804627249357,250.0
the,0.0,0.0,0.0,0.0
accuracy,0.038,0.038,0.038,0.038
macro avg,0.06883584041857424,0.019,0.02731021828190431,500.0
weighted avg,0.13767168083714848,0.038,0.054620436563808626,500.0
