,precision,recall,f1-score,support
negative,0.06,0.06,0.06,250.0
positive,0.027522935779816515,0.024,0.02564102564102564,250.0
the,0.0,0.0,0.0,0.0
to,0.0,0.0,0.0,0.0
accuracy,0.042,0.042,0.042,0.042
macro avg,0.02188073394495413,0.020999999999999998,0.021410256410256408,500.0
weighted avg,0.043761467889908263,0.042,0.042820512820512815,500.0
