,precision,recall,f1-score,support
based,0.0,0.0,0.0,0.0
negative,0.125,0.02,0.034482758620689655,250.0
positive,0.11194029850746269,0.06,0.078125,250.0
the,0.0,0.0,0.0,0.0
this,0.0,0.0,0.0,0.0
accuracy,0.04,0.04,0.04,0.04
macro avg,0.047388059701492534,0.016,0.02252155172413793,500.0
weighted avg,0.11847014925373134,0.04,0.05630387931034483,500.0
