,precision,recall,f1-score,support
NaN,0.0,0.0,0.0,0.0
negative,0.12048192771084337,0.08,0.09615384615384616,250.0
positive,0.033112582781456956,0.02,0.02493765586034913,250.0
accuracy,0.05,0.05,0.05,0.05
macro avg,0.05119817016410011,0.03333333333333333,0.040363834004731765,500.0
weighted avg,0.07679725524615018,0.05,0.060545751007097644,500.0
