,precision,recall,f1-score,support
based,0.0,0.0,0.0,0.0
negative,0.058333333333333334,0.056,0.05714285714285714,250.0
positive,0.04807692307692308,0.04,0.043668122270742356,250.0
the,0.0,0.0,0.0,0.0
to,0.0,0.0,0.0,0.0
accuracy,0.048,0.048,0.048,0.048
macro avg,0.021282051282051285,0.019200000000000002,0.020162195882719898,500.0
weighted avg,0.0532051282051282,0.048,0.05040548970679975,500.0
