,precision,recall,f1-score,support
based,0.0,0.0,0.0,0.0
negative,0.06060606060606061,0.008,0.014134275618374558,250.0
positive,0.07913669064748201,0.044,0.056555269922879174,250.0
the,0.0,0.0,0.0,0.0
this,0.0,0.0,0.0,0.0
accuracy,0.026,0.026,0.026,0.026
macro avg,0.027948550250708526,0.0104,0.014137909108250746,500.0
weighted avg,0.06987137562677131,0.026,0.03534477277062687,500.0
