,precision,recall,f1-score,support
based,0.0,0.0,0.0,0.0
negative,0.06696428571428571,0.06,0.06329113924050633,250.0
positive,0.0625,0.052,0.056768558951965066,250.0
the,0.0,0.0,0.0,0.0
to,0.0,0.0,0.0,0.0
accuracy,0.056,0.056,0.056,0.056
macro avg,0.02589285714285714,0.022399999999999996,0.024011939638494278,500.0
weighted avg,0.06473214285714286,0.056,0.0600298490962357,500.0
