,precision,recall,f1-score,support
based,0.0,0.0,0.0,0.0
negative,0.047619047619047616,0.008,0.0136986301369863,250.0
positive,0.0625,0.032,0.042328042328042326,250.0
the,0.0,0.0,0.0,0.0
accuracy,0.02,0.02,0.02,0.02
macro avg,0.027529761904761904,0.01,0.014006668116257157,500.0
weighted avg,0.05505952380952381,0.02,0.028013336232514317,500.0
