,precision,recall,f1-score,support
NaN,0.0,0.0,0.0,0.0
negative,0.10606060606060606,0.028,0.04430379746835443,250.0
positive,0.09649122807017543,0.044,0.06043956043956044,250.0
accuracy,0.036,0.036,0.036,0.036
macro avg,0.06751727804359382,0.023999999999999997,0.03491445263597162,500.0
weighted avg,0.10127591706539076,0.036,0.05237167895395743,500.0
